<?xml version="1.0" encoding="UTF-8"?>
<EmailTemplate xmlns="http://soap.sforce.com/2006/04/metadata">
    <available>true</available>
    <encodingKey>ISO-8859-1</encodingKey>
    <name>Email First Response</name>
    <style>none</style>
    <subject>Thanks for contacting us!  We will get back with you asap!</subject>
    <textOnly>Hello!

Thank you for contacting us. We we will get back to you as soon as possible.

Regards,</textOnly>
    <type>custom</type>
    <uiType>Aloha</uiType>
</EmailTemplate>
