<?xml version="1.0" encoding="UTF-8"?>
<LightningComponentBundle xmlns="http://soap.sforce.com/2006/04/metadata">
    <apiVersion>47.0</apiVersion>
    <isExposed>true</isExposed>
    <masterLabel>Quick Choice FSC</masterLabel>
    <targets>
        <target>lightning__FlowScreen</target>
    </targets>
    <targetConfigs>
        <targetConfig targets="lightning__FlowScreen">
            <property name="value" label="Value" type="String"/>
            <property name="choiceValues" label="Choice Values (String Collection)" type="String[]"/>
            <property name="choiceLabels" label="Choice Labels (String Collection)" type="String[]"/>
            <property name="choiceIcons" label="Card Mode - Choice Icons (String Collection)" type="String[]"/>
            <property name="includeIcons" label="Card Mode - Include Icons in Display Box?" type="Boolean"/>
            <property name="iconSize" label="Card Mode - Icon Size" type="String"/>
            <property name="numberOfColumns" label="Card Mode - Number of Display Box Columns (1 or 2)" type="String"/>
            <property name="inputMode" label="Input Mode" type="String"/>
            <property name="masterLabel" label="Master Label" type="String"/>
            <property name="required" label="Required" type="Boolean" default="false"/>
            <property name="displayMode" label="Display Mode" type="String"/>
            <property name="recordTypeId" label="Record Type Id" type="String"/>
            <property name="objectName" label="Object Name" type="String"/>
            <property name="fieldName" label="Field Name" type="String"/>
            <property name="allowNoneToBeChosen" label="Allow 'None' to be Chosen" type="Boolean"/>
            <property name="style_width" label="Set Width in Pixels" type="Integer"/>
        </targetConfig>
    </targetConfigs>
</LightningComponentBundle>