<?xml version="1.0" encoding="UTF-8"?>
<LightningComponentBundle xmlns="http://soap.sforce.com/2006/04/metadata">
    <apiVersion>48.0</apiVersion>
    <isExposed>true</isExposed>
    <masterLabel>Return to Work Timer</masterLabel>
    <targets>
      <target>lightningCommunity__Page</target>
      <target>lightningCommunity__Default</target>
    </targets>

    <targetConfigs>

        <targetConfig targets="lightningCommunity__Default">
          <property name="CardTitle" label="Card Title" type="String" default="Return to Work" />
          <property name="CardIcon" label="Card Icon" type="String" default="standard:loop" />
          <property name="ShowProgressBar" label="Show Progress Bar?" type="Boolean" default="true" />
      </targetConfig>
 </targetConfigs>
</LightningComponentBundle>