<?xml version="1.0" encoding="UTF-8"?>
<EmailTemplate xmlns="http://soap.sforce.com/2006/04/metadata">
    <available>true</available>
    <encodingKey>UTF-8</encodingKey>
    <name>New Salesforce Maps Advanced Template Requires User Interaction</name>
    <style>none</style>
    <subject>{!JSENCODE($Label.maps__newmapanythingguideroutewaitingforyou)}</subject>
    <textOnly>{!JSENCODE($Label.maps__youhaveanewmapanythingguideroutewaitingforyou)}

{!JSENCODE($Label.maps__mapanythingwillplanyourroute)}

{!JSENCODE($Label.maps__getstarted)}:
{!maps__AdvRouteTemplate__c.maps__BaseUrl__c}apex/maps__AdvRouteRep?id={!maps__AdvRouteTemplate__c.Id}</textOnly>
    <type>custom</type>
    <uiType>Aloha</uiType>
</EmailTemplate>
