<?xml version="1.0" encoding="UTF-8"?>
<EmailTemplate xmlns="http://soap.sforce.com/2006/04/metadata">
    <available>true</available>
    <encodingKey>UTF-8</encodingKey>
    <name>Salesforce Maps Advanced Route Completed</name>
    <style>none</style>
    <subject>{!JSENCODE($Label.maps__mapanythingguiderouteisdonegenerating)}</subject>
    <textOnly>{!JSENCODE($Label.maps__yourmapanythingguiderouteisdonegenerating)}

{!JSENCODE($Label.maps__templatecap)}:
{!maps__AdvRouteTemplate__c.Name} 

{!JSENCODE($Label.maps__startdate)}:
{!maps__AdvRouteTemplate__c.maps__StartDate__c} 

{!JSENCODE($Label.maps__enddate)}:
{!maps__AdvRouteTemplate__c.maps__RepeatUntilDate__c} 

{!JSENCODE($Label.maps__ifyouwanttomakeedits)}:
https://maps.na30.visual.force.com/apex/maps__AdvRouteRep?id=a003h000001t2jt</textOnly>
    <type>custom</type>
    <uiType>Aloha</uiType>
</EmailTemplate>
